university,school,degree,recordCount
"National University of Singapore","Faculty of Arts & Social Sciences","Bachelor of Social Sciences","11"
"National University of Singapore","Faculty of Arts & Social Sciences","Bachelor of Arts (Hons)","11"
"National University of Singapore","Faculty of Arts & Social Sciences","Bachelor of Arts","11"
"Nanyang Technological University","College of Engineering","Computer Science","10"
"Nanyang Technological University","College of Humanities, Arts & Social Sciences","Communication Studies","10"
"National University of Singapore","NUS Business School","Bachelor of Business Administration (Accountancy) (Hons)","10"
"National University of Singapore","School of Computing","Bachelor of Computing (Computer Science)","10"
"Nanyang Technological University","College of Engineering","Mechanical Engineering","10"
"National University of Singapore","Faculty of Science","Bachelor of Science (Hons)","10"
"National University of Singapore","NUS Business School","Bachelor of Business Administration","10"
"Nanyang Technological University","College of Engineering","Bioengineering","10"
"Nanyang Technological University","College of Business (Nanyang Business School)","Accountancy and Business","10"
"Nanyang Technological University","College of Humanities, Arts & Social Sciences","Sociology","10"
"Nanyang Technological University","College of Engineering","Maritime Studies","10"
"Nanyang Technological University","College of Humanities, Arts & Social Sciences","Economics","10"
"National University of Singapore","School of Computing","Bachelor of Computing (Information Systems)","10"
"Nanyang Technological University","College of Humanities, Arts & Social Sciences","English","10"
"Nanyang Technological University","College of Engineering","Environmental Engineering","10"
"National University of Singapore","NUS Business School","Bachelor of Business Administration (Hons)","10"
"Nanyang Technological University","College of Humanities, Arts & Social Sciences","Psychology","10"
"Nanyang Technological University","College of Engineering","Computer Engineering","10"
"Nanyang Technological University","College of Engineering","Civil Engineering","10"
"Nanyang Technological University","College of Engineering","Materials Engineering","10"
"Nanyang Technological University","College of Engineering","Aerospace Engineering","10"
"Nanyang Technological University","College of Humanities, Arts & Social Sciences","Chinese","10"
"National University of Singapore","School of Design & Environment","Bachelor of Science (Project and Facilities Management)","9"
"National University of Singapore","Faculty of Science","Bachelor of Science","9"
"National University of Singapore","School of Design & Environment","Bachelor of Science (Real Estate)","9"
"Singapore Institute of Technology","DigiPen Institute of Technology","Bachelor of Science in Computer Science in Real-Time Interactive Simulation","9"
"Singapore Institute of Technology","Technische Universität München","Bachelor of Science in Chemical Engineering","9"
"National University of Singapore","Faculty of Dentistry","Bachelor of Dental Surgery","9"
"Singapore Management University","School of Economics (4-year programme) *","Economics","8"
"Nanyang Technological University","National Institute of Education (NIE)","Arts (with Education)","8"
"Singapore University of Technology and Design","na","Bachelor of Engineering (Engineering Product Development)","8"
"Singapore Institute of Technology","The Glasgow School of Art","Bachelor of Arts with Honours in Communication Design","8"
"Singapore Management University","School of Accountancy (4-year programme) *","Accountancy","8"
"Singapore University of Technology and Design","na","Bachelor of Engineering (Engineering Systems and Design)","8"
"Singapore Management University","School of Business (4-year programme) *","Business Management","8"
"Singapore Institute of Technology","The Glasgow School of Art","Bachelor of Arts with Honours in Interior Design","8"
"Singapore Management University","School of Social Sciences (4-year programme) *","Social Sciences","8"
"National University of Singapore","Faculty of Engineering","Bachelor of Engineering (Materials Science and Engineering)","7"
"National University of Singapore","Faculty of Science","Bachelor of Science (Computational Biology) **","7"
"Singapore Institute of Technology","University of Liverpool","Bachelor of Arts with Honours in Criminology and Security","7"
"National University of Singapore","Faculty of Engineering","Bachelor of Engineering (Mechanical Engineering)","7"
"Singapore Institute of Technology","University of Glasgow","Bachelor of Engineering with Honours in Mechanical Design Engineering","7"
"Nanyang Technological University","College of Business (Nanyang Business School)","Business","7"
"Singapore Institute of Technology","University of Glasgow","Bachelor of Engineering with Honours in Aeronautical Engineering","7"
"National University of Singapore","Faculty of Engineering","Bachelor of Engineering (Electrical Engineering)","7"
"National University of Singapore","Faculty of Engineering","Bachelor of Engineering (Civil Engineering)","7"
"National University of Singapore","School of Design & Environment","Bachelor of Arts (Industrial Design)","7"
"Singapore Management University","School of Law (4-year programme) *","Law #","7"
"Singapore Institute of Technology","University of Glasgow","Bachelor of Engineering with Honours in Mechatronics","7"
"Nanyang Technological University","College of Engineering","Electrical and Electronic Engineering","7"
"National University of Singapore","Yong Loo Lin School (Medicine)","Bachelor of Science (Nursing) (Hons)","7"
"National University of Singapore","Yale-NUS College","Bachelor of Arts with Honours","7"
"Nanyang Technological University","College of Business (Nanyang Business School)","Accountancy","7"
"National University of Singapore","Yong Loo Lin School (Medicine)","Bachelor of Science (Nursing)","7"
"National University of Singapore","Faculty of Engineering","Bachelor of Engineering (Industrial and Systems Engineering)","7"
"National University of Singapore","Faculty of Engineering","Bachelor of Engineering (Environmental Engineering)","7"
"Nanyang Technological University","College of Engineering","Chemical and Biomolecular Engineering","7"
"National University of Singapore","Faculty of Engineering","Bachelor of Engineering (Chemical Engineering)","7"
"Nanyang Technological University","College of Humanities, Arts & Social Sciences","History","7"
"Nanyang Technological University","College of Engineering","Information Engineering and Media","7"
"Singapore Institute of Technology","Singapore Institute of Technology (SIT)","Bachelor of Hospitality Business with Honours","6"
"Singapore Institute of Technology","DigiPen Institute of Technology","Bachelor of Arts in Game Design ^","6"
"Nanyang Technological University","National Institute of Education (NIE)","Science (with Education)","6"
"Singapore University of Technology and Design","na","Bachelor of Engineering (Information Systems Technology and Design)","6"
"Singapore University of Social Sciences","School of Business","Bachelor of Science in Marketing","6"
"Nanyang Technological University","College of Sciences","Chemistry & Biological Chemistry","6"
"Singapore University of Social Sciences","School of Business","Bachelor of Accountancy","6"
"Singapore Institute of Technology","Singapore Institute of Technology (SIT)","Bachelor of Accountancy with Honours","6"
"Nanyang Technological University","College of Sciences","Biological Sciences","6"
"National University of Singapore","Multi-Disciplinary Programmes","Bachelor of Environmental Studies","6"
"Singapore Institute of Technology","Singapore Institute of Technology (SIT)","Bachelor of Engineering with Honours in Information & Communications Technology (Software Engineering)","6"
"National University of Singapore","Faculty of Law","Bachelor of Laws #","6"
"Nanyang Technological University","College of Humanities, Arts & Social Sciences","Linguistics and Multilingual Studies","6"
"National University of Singapore","School of Computing","Bachelor of Science (Business Analytics)","6"
"Singapore Institute of Technology","Technische Universität München","Bachelor of Science in Electrical Engineering & Information Technology","6"
"Singapore Institute of Technology","University of Glasgow","Bachelor of Engineering with Honours in Aerospace Systems","6"
"Singapore Institute of Technology","SIT-University of Glasgow","Bachelor of Science with Honours in Nursing","6"
"National University of Singapore","Faculty of Science","Bachelor of Science (Pharmacy) #","6"
"Singapore Institute of Technology","University of Glasgow","Bachelor of Science with Honours in Computing Science","6"
"Nanyang Technological University","College of Humanities, Arts & Social Sciences","Art, Design & Media","6"
"Singapore Management University","School of Accountancy (4-year programme) *","Accountancy (Cum Laude and above)","5"
"National University of Singapore","Faculty of Science","Bachelor of Applied Science (Hons)","5"
"Singapore Management University","School of Information Systems (4-year programme) *","Information Systems","5"
"Nanyang Technological University","College of Sciences","Mathematics & Economics","5"
"National University of Singapore","Faculty of Science","Bachelor of Applied Science **","5"
"National University of Singapore","School of Design & Environment","Bachelor of Arts (Architecture) #","5"
"National University of Singapore","NUS Business School","Bachelor of Business Administration (Accountancy) ^","5"
"Singapore Institute of Technology","DigiPen Institute of Technology","Bachelor of Fine Arts in Digital Art and Animation","5"
"Singapore University of Social Sciences","School of Business","Bachelor of Science in Finance","5"
"Singapore Management University","School of Business (4-year programme) *","Business Management (Cum Laude and above)","5"
"National University of Singapore","Faculty of Engineering","Bachelor of Engineering (Biomedical Engineering)","5"
"National University of Singapore","Multi-Disciplinary Programmes","Bachelor of Engineering (Computer Engineering)","5"
"National University of Singapore","NUS Business School","Bachelor of Business Administration (Accountancy)","5"
"National University of Singapore","School of Computing","Bachelor of Computing (Computational Biology) **","5"
"Singapore Institute of Technology","Wheelock College","Bachelor of Science in Early Childhood Education","5"
"Singapore Management University","School of Economics (4-year programme) *","Economics (Cum Laude and above)","5"
"Nanyang Technological University","College of Humanities, Arts & Social Sciences","Public Policy and Global Affairs","5"
"Singapore Management University","School of Law (4-year programme) *","Law (Cum Laude and above) #","5"
"Singapore Management University","School of Social Sciences (4-year programme) *","Social Sciences (Cum Laude and above)","5"
"Singapore Institute of Technology","Newcastle University","Bachelor of Engineering with Honours in Chemical Engineering","5"
"Singapore Management University","School of Information Systems (4-year programme) *","Information Systems (Cum Laude and above)","5"
"National University of Singapore","Yale-NUS College","Bachelor of Science with Honours","4"
"National University of Singapore","School of Computing","Bachelor of Computing (Electronic Commerce) **","4"
"Singapore Institute of Technology","Singapore Institute of Technology (SIT)","Bachelor of Engineering with Honours in Sustainable Infrastructure Engineering (Land)","4"
"National University of Singapore","YLL School of Medicine","Bachelor of Science (Nursing)","4"
"Singapore Institute of Technology","Singapore Institute of Technology (SIT)","Bachelor of Engineering with Honours in Pharmaceutical Engineering","4"
"Singapore Institute of Technology","Singapore Institute of Technology (SIT)","Bachelor of Engineering with Honours in Telematics (Intelligent Transportation Systems Engineering)","4"
"Nanyang Technological University","College of Humanities, Arts & Social Sciences","Art, Design and Media","4"
"Nanyang Technological University","College of Engineering","Business and Computer Engineering **","4"
"Nanyang Technological University","College of Humanities, Arts & Social Sciences","Philosophy","4"
"Singapore Institute of Technology","University of Manchester","Bachelor of Science with Honours in Nursing Practice","4"
"Singapore University of Social Sciences","S R Nathan School of Human Development","Bachelor of Human Resource Management","4"
"Singapore Institute of Technology","Newcastle University","Bachelor of Engineering with Honours in Electrical Power Engineering","4"
"Singapore Institute of Technology","The Culinary Institute of America","Bachelor of Professional Studies in Culinary Arts Management","4"
"Nanyang Technological University","College of Sciences","Physics / Applied Physics","4"
"Singapore Institute of Technology","Singapore Institute of Technology (SIT)","Bachelor of Engineering with Honours in Information & Communications Technology (Information Security)","4"
"Nanyang Technological University","College of Engineering","Aerospace Engineering and Economics **","4"
"Singapore Institute of Technology","Singapore Institute of Technology (SIT)","Bachelor of Engineering with Honours in Sustainable Infrastructure Engineering (Building Services)","4"
"Nanyang Technological University","College of Science","Chemistry and Biological Chemistry","4"
"National University of Singapore","YLL School of Medicine","Bachelor of Science (Nursing) (Hons)","4"
"Singapore University of Technology and Design","na","Bachelor of Science (Architecture and Sustainable Design)","4"
"Nanyang Technological University","College of Science","Physics and Applied Physics","4"
"Singapore Institute of Technology","Newcastle University","Bachelor of Engineering with Honours in Marine Engineering","4"
"Singapore Institute of Technology","Newcastle University","Bachelor of Engineering with Honours in Mechanical Design & Manufacturing Engineering","4"
"Singapore Institute of Technology","SIT- Massey University","Bachelor of Food Technology with Honours","4"
"Nanyang Technological University","College of Business (Nanyang Business School)","Business and Computing","4"
"Nanyang Technological University","Sports Science and Management","Sports Science and Management","4"
"Nanyang Technological University","Lee Kong Chian School of Medicine","Medicine #","4"
"Singapore University of Technology and Design","na","Bachelor of Science (Architecture and Sustainable Design) ###","4"
"Singapore Institute of Technology","Newcastle University","Bachelor of Science with Honours in Food & Human Nutrition","4"
"Singapore Institute of Technology","SIT-University of Glasgow","Bachelor of Engineering with Honours in Civil Engineering","4"
"Nanyang Technological University","College of Science","Environmental Earth Systems Sciences ^","3"
"Nanyang Technological University","College of Sciences","Mathematical Sciences","3"
"Singapore Institute of Technology","The Culinary Institute of America","Bachelor of Business Administration in Food Business Management","3"
"National University of Singapore","School of Computing","Bachelor of Computing (Communications and Media)","3"
"Singapore Institute of Technology","Newcastle University","Bachelor of Engineering with Honours in Naval Architecture","3"
"Singapore Institute of Technology","SIT- Newcastle University","Bachelor of Engineering with Honours in Electrical Power Engineering","3"
"National University of Singapore","School of Computing","Bachelor of Computing (Computer Engineering) **","3"
"Singapore Institute of Technology","SIT- Newcastle University","Bachelor of Engineering with Honours in Offshore Engineering ^","3"
"Singapore Institute of Technology","SIT- Newcastle University","Bachelor of Engineering with Honours in Naval Architecture ^","3"
"National University of Singapore","Faculty of Science","Bachelor of Science (Pharmacy) (Hons) #","3"
"National University of Singapore","School of Computing","Bachelor of Computing (Electronic Commerce)","3"
"National University of Singapore","Yong Siew Toh Conservatory of Music","Bachelor of Music","3"
"Nanyang Technological University","College of Business (Nanyang Business School)","Business (3-yr direct Honours Programme)","3"
"Singapore Institute of Technology","DigiPen Institute of Technology","Bachelor of Fine Arts in Digital Arts & Animation","3"
"Singapore Institute of Technology","DigiPen Institute of Technology","Bachelor of Science in Computer Science and Game Design","3"
"Nanyang Technological University","College of Business (Nanyang Business School)","Accountancy (3-yr direct Honours Programme)","3"
"National University of Singapore","YST Conservatory of Music","Bachelor of Music","3"
"Nanyang Technological University","College of Engineering","Double Degree in Engineering and Economics ^","3"
"Singapore Institute of Technology","Singapore Institute of Technology (SIT)","Bachelor of Engineering with Honours in Aircraft Systems Engineering","3"
"Nanyang Technological University","College of Science","Biomedical Sciences and Chinese Medicine # ^","3"
"Nanyang Technological University","College of Business (Nanyang Business School)","Double Degree in Business and Computer Engineering/Computing","3"
"National University of Singapore","School of Computing","Bachelor of Computing (Information Security) **","3"
"National University of Singapore","Faculty of Engineering","Bachelor of Engineering (Engineering Science) ^","3"
"National University of Singapore","Faculty of Engineering","Bachelor of Engineering (Computer Engineering)","3"
"Singapore Institute of Technology","SIT- Newcastle University","Bachelor of Engineering with Honours in Chemical Engineering","3"
"Singapore University of Social Sciences","S R Nathan School of Human Development","Bachelor of Early Childhood Education","3"
"Singapore University of Social Sciences","S R Nathan School of Human Development","Bachelor of Social Work","3"
"Singapore Institute of Technology","SIT- Newcastle University","Bachelor of Engineering with Honours in Mechanical Design and Manufacturing Engineering","3"
"Nanyang Technological University","College of Engineering","Mechanical Engineering and Economics **","3"
"Nanyang Technological University","College of Sciences","Mathematical Science","3"
"Nanyang Technological University","College of Humanities, Arts & Social Sciences","Linguistics And Multilingual Studies","3"
"Nanyang Technological University","College of Engineering","Environmental Engineering and Economics **","3"
"Nanyang Technological University","College of Sciences","Sports Science and Management","3"
"National University of Singapore","Yale-NUS College","Bachelor of Science with Honours ^","3"
"National University of Singapore","Faculty of Engineering","Bachelor of Engineering (Engineering Science)","3"
"Singapore Institute of Technology","SIT- DigiPen Institute of Technology","Bachelor of Engineering with Honours in Systems Engineering (ElectroMechanical Systems)","3"
"Singapore Institute of Technology","Newcastle University","Bachelor of Engineering with Honours in Offshore Engineering","3"
"Singapore Institute of Technology","Technische Universität München","Bachelor of Science in Electrical Engineering & Information Technology ^","2"
"National University of Singapore","Faculty of Science","Bachelor of Science (Data Science and Analytics)","2"
"National University of Singapore","Faculty of Law","Bachelor of Laws (LLB) (Hons) #","2"
"Singapore Institute of Technology","SIT-Trinity College Dublin / Trinity College Dublin","Bachelor in Science (Radiation Therapy) **","2"
"Singapore University of Technology and Design","na","Bachelor of Engineering (Computer Science and Design)","2"
"Nanyang Technological University","College of Engineering","Information Engineering And Media","2"
"Singapore University of Social Sciences","School of Business","Bachelor of Science in Business Analytics","2"
"National University of Singapore","NUS Business School","Bachelor of Science (Real Estate)","2"
"Nanyang Technological University","College of Engineering","Chemical And Biomolecular Engineering","2"
"National University of Singapore","Yong Loo Lin School (Medicine)","Bachelor of Medicine and Bachelor of Surgery #","2"
"Singapore Management University","School of Law (4-year programme) *","Law Cum Laude and above #","2"
"Singapore Institute of Technology","Trinity College Dublin","Bachelor in Science (Occupational Therapy)","2"
"Nanyang Technological University","College of Business (Nanyang Business School)","Business and Computing ^","2"
"Nanyang Technological University","College of Science","Mathematical Sciences / Mathematical Sciences and Economics","2"
"National University of Singapore","Faculty Of Engineering","Bachelor of Engineering (Engineering Science)","2"
"Nanyang Technological University","College of Sciences","Biomedical Sciences & Chinese Medicine # ^","2"
"Nanyang Technological University","College of Sciences","Environmental Earth Systems Sciences ^","2"
"Nanyang Technological University","College of Sciences","Physics & Applied Physics","2"
"Nanyang Technological University","College of Engineering","Electrical And Electronic Engineering","2"
"Singapore Institute of Technology","SIT-University of Glasgow","Bachelor of Engineering with Honours in Mechanical Engineering","2"
"Singapore Institute of Technology","SIT- Newcastle University","Bachelor of Engineering with Honours in Marine Engineering ^","2"
"Singapore Management University","School of Economics (4-year programme) *","Economics Cum Laude and above","2"
"Singapore Institute of Technology","Newcastle University","Bachelor of Engineering with Honours in Offshore Engineering ^","2"
"Singapore Institute of Technology","Singapore Institute of Technology (SIT)","Bachelor of Science (Radiation Therapy) ^","2"
"National University of Singapore","Faculty Of Engineering","Bachelor of Engineering (Mechanical Engineering)","2"
"Singapore Management University","School of Accountancy (4-year programme) *","Accountancy Cum Laude and above","2"
"Nanyang Technological University","National Institute of Education (NIE)","Sports Science and Management","2"
"Singapore Institute of Technology","Trinity College Dublin","Bachelor in Science (Physiotherapy)","2"
"National University of Singapore","YST Conservatory of Music","Bachelor of Music ^","2"
"National University of Singapore","College of Design and Engineering","Bachelor of Arts (Industrial Design)","2"
"Singapore Institute of Technology","SIT-University of Glasgow","Bachelor of Science with Honours in Computing Science","2"
"Singapore Institute of Technology","DigiPen Institute of Technology","Bachelor of Science in Computer Science and Game Design ^","2"
"Nanyang Technological University","College of Engineering","Materials Engineering and Economics **","2"
"Singapore Institute of Technology","Singapore Institute of Technology (SIT)","Bachelor of Science (Occupational Therapy)","2"
"National University of Singapore","YLL School of Medicine","Bachelor of Medicine and Bachelor of Surgery #","2"
"National University of Singapore","Faculty Of Engineering","Bachelor of Engineering (Industrial and Systems Engineering)","2"
"National University of Singapore","Faculty of Science","Bachelor of Science (Computational Biology) ^","2"
"Nanyang Technological University","College of Humanities, Arts & Social Sciences","Inter-Disciplinary Double Major ^","2"
"Nanyang Technological University","National Institute of Education (NIE)","Science (with Education) ^","2"
"Singapore Institute of Technology","SIT-University of Glasgow","Bachelor of Engineering with Honours in Aerospace Engineering","2"
"Singapore Institute of Technology","Newcastle University","Bachelor of Engineering with Honours in Naval Architecture ^","2"
"National University of Singapore","School of Computing","Bachelor of Computing (Information Security) ^","2"
"National University of Singapore","Faculty Of Engineering","Bachelor of Engineering (Biomedical Engineering)","2"
"Singapore University of Social Sciences","School of Business","Bachelor of Science in Supply Chain Management","2"
"National University of Singapore","Yong Loo Lin School (Medicine)","Bachelor of Medicine and Bachelor of Surgery # **","2"
"Singapore Institute of Technology","SIT-Trinity College Dublin / Trinity College Dublin","Bachelor in Science (Physiotherapy)","2"
"Singapore Institute of Technology","The Culinary Institute of America","Bachelor of Business Administration in Food Business Management ^","2"
"Singapore Institute of Technology","University of Nevada, Las Vegas","Bachelor of Science (Major in Hospitality Management)","2"
"Nanyang Technological University","College of Humanities, Arts & Social Sciences","Philosophy ^","2"
"National University of Singapore","Faculty Of Engineering","Bachelor of Engineering (Civil Engineering)","2"
"National University of Singapore","Faculty Of Dentistry","Bachelor of Dental Surgery","2"
"National University of Singapore","Faculty Of Engineering","Bachelor of Engineering (Materials Science And Engineering)","2"
"Singapore Institute of Technology","SIT-Trinity College Dublin / Trinity College Dublin","Bachelor in Science (Occupational Therapy)","2"
"National University of Singapore","Faculty Of Engineering","Bachelor of Engineering (Chemical Engineering)","2"
"National University of Singapore","Multi-Disciplinary Programme","Bachelor of Environmental Studies","2"
"Nanyang Technological University","College of Sciences","Biomedical Sciences **","2"
"Singapore Institute of Technology","DigiPen Institute of Technology","Bachelor of Science in Computer Science & Game Design","2"
"Singapore Management University","School of Information Systems (4-year programme) *","Information Systems Management Cum Laude and above","2"
"National University of Singapore","School of Computing","Bachelor of Computing (Communications And Media) **","2"
"National University of Singapore","School of Design & Environment","Bachelor of Arts (Industrial Design) ^","2"
"National University of Singapore","Faculty Of Engineering","Bachelor of Engineering (Environmental Engineering)","2"
"National University of Singapore","School of Design & Environment","Bachelor of Arts (Architecture)","2"
"Nanyang Technological University","College of Science","Biological and Biomedical Sciences","2"
"Singapore Management University","School of Social Sciences (4-year programme) *","Social Sciences Cum Laude and above","2"
"Singapore Management University","School of Business (4-year programme) *","Business Management Cum Laude and above","2"
"National University of Singapore","Faculty of Law","Bachelor of Laws (L.L.B) (Hons) #","2"
"Singapore Institute of Technology","DigiPen Institute of Technology","Bachelor of Arts in Game Design **","2"
"National University of Singapore","Faculty Of Engineering","Bachelor of Engineering (Electrical Engineering)","2"
"Nanyang Technological University","College of Sciences","Biomedical Science (Traditional Chinese Medicine) #","2"
"Singapore Management University","School of Information Systems (4-year programme) *","Information Systems Management","2"
"National University of Singapore","Yong Siew Toh Conservatory of Music","Bachelor of Music **","2"
"Singapore Institute of Technology","Singapore Institute of Technology (SIT)","Bachelor of Science (Diagnostic Radiography)","2"
"Nanyang Technological University","College of Science","Biological Sciences / Biomedical Sciences","1"
"National University of Singapore","School of Computing","Bachelor of Computing (Information Security)","1"
"National University of Singapore","NUS Business School","Bachelor of Business Administration
(Accountancy)^","1"
"National University of Singapore","Faculty of Engineering","Bachelor of Engineering (Engineering Science) **","1"
"Singapore Management University","School of Economics (4-year programme) *","Economics (4-year programme) Cum Laude and above","1"
"Nanyang Technological University","College of Engineering","Bachelor of Fine Arts (Hons)","1"
"National University of Singapore","School of Computing","Bachelor of Science (Business
Analytics)","1"
"Singapore Management University","School of Accountancy (4-year programme) *","Accountancy (4-years programme)","1"
"National University of Singapore","College of Design and Engineering","Bachelor of Engineering (Chemical
Engineering)","1"
"National University of Singapore","Yong Loo Lin School (Medicine)","Bachelor of Medicine and Bachelor of
Surgery#**","1"
"Nanyang Technological University","College of Engineering","Bachelor of Engineering  (Hons) (Chemical And Biomolecular Engineering)","1"
"Nanyang Technological University","College of Humanities, Arts & Social Sciences","Public Policy And Global Affairs **","1"
"Singapore Management University","School of Economics (4-years programme) *","Economics","1"
"Singapore Management University","School of Computing & Information Systems (4-year programme) � Computer Science *","Computer Science","1"
"National University of Singapore","College of Design and Engineering","Bachelor of Engineering (Electrical
Engineering)","1"
"National University of Singapore","NUS Business School","Bachelor of Business Administration
(Hons)","1"
"Nanyang Technological University","College of Engineering","Double Degree in Engineering and
Economics^","1"
"National University of Singapore","College of Design and Engineering","Bachelor of Science (Project and
Facilities Management)","1"
"Nanyang Technological University","College of Engineering","Information Engineering & Media","1"
"National University of Singapore","Multi-Disciplinary Programmes","Bachelor of Engineering (Computer
Engineering)","1"
"Singapore Management University","School of Law (4-year programme) *","Law#","1"
"Singapore Management University","School of Law (4-year programme) *","Law (4-years programme) #","1"
"Nanyang Technological University","College of Engineering","Information Engineering And Media and Economics **","1"
"Nanyang Technological University","College of Humanities, Arts & Social Sciences","Linguistics & Multilingual Studies","1"
"Nanyang Technological University","National Institute of Education (NIE)","Arts (With Education)","1"
"Singapore Management University","School of Information Systems (4-years programme) *","Information Systems Management","1"
"Singapore Institute of Technology","SIT-Newcastle University","Bachelor of Engineering with Honours in Mechanical Design and Manufacturing Engineering ^","1"
"National University of Singapore","Faculty of Science","Bachelor of Science (Computational Biology)**","1"
"Singapore Management University","School of Law (4-years programme) *","Law Cum Laude and above #","1"
"Nanyang Technological University","College of Science","Biomedical Sciences and Chinese
Medicine#^","1"
"Singapore Institute of Technology","DigiPen Institute of Technology","Bachelor of Science in Computer Science & Game Design **","1"
"Singapore Institute of Technology","SIT- Newcastle University","Bachelor of Engineering with Honours
in Naval Architecture^","1"
"Nanyang Technological University","College of Engineering","Chemical & Biomolecular Engineering","1"
"Nanyang Technological University","College of Engineering","Bachelor of Arts (Hons) in Psychology","1"
"Nanyang Technological University","College of Science","Mathematics and Mathematical Sciences","1"
"Singapore University of Social Sciences","S R Nathan School of Human Development","Bachelor of Human Resource
Management","1"
"National University of Singapore","School of Design & Environment","Bachelor of Arts (Architecture) ** #","1"
"Singapore Institute of Technology","Singapore Institute of Technology -Trinity College Dublin / Trinity College Dublin","Bachelor in Science (Diagnostic Radiography) **","1"
"Nanyang Technological University","College of Business (Nanyang Business School)","Double Degree in Bachelor of Business (Hons) and Bachelor of Engineering (Hons) (Computer Science)","1"
"Singapore Institute of Technology","DigiPen Institute of Technology","Bachelor of Arts in Game Design^","1"
"National University of Singapore","Faculty of Science","Bachelor of Science (Pharmacy)(Hons) #","1"
"Singapore University of Social Sciences","S R Nathan School of Human Development","Bachelor of Early Childhood Education ^","1"
"National University of Singapore","Faculty of Science","Bachelor of Science^","1"
"National University of Singapore","College of Design and Engineering","Bachelor of Engineering (Biomedical
Engineering)","1"
"Singapore Institute of Technology","SIT-Trinity College Dublin","Bachelor of Science with Honours in
Physiotherapy","1"
"Singapore Management University","School of Economics (4-year programme) *","Cum Laude and above","1"
"Singapore Management University","School of Accountancy (4-years programme) *","Accountancy Cum Laude and above","1"
"Singapore Management University","School of Business (4-year programme) *","Business Management (4-year programme)","1"
"Singapore Institute of Technology","SIT / SIT-Trinity College Dublin / Trinity College Dublin","Bachelor in Science (Diagnostic Radiography)","1"
"National University of Singapore","College of Design and Engineering","Bachelor of Science (Project and Facilities Management)","1"
"National University of Singapore","College of Design and Engineering","Bachelor of Arts (Architecture) #","1"
"Singapore Institute of Technology","SIT- DigiPen Institute of Technology","Bachelor of Engineering with Honours in Systems Engineering
(ElectroMechanical Systems)","1"
"Nanyang Technological University","College of Science","Mathematics and Economics","1"
"Nanyang Technological University","College of Business (Nanyang Business School)","Double Degree in Bachelor of Accountancy (Hons) and Bachelor of Business (Hons)","1"
"Nanyang Technological University","College of Engineering","Bachelor of Engineering (Hons) (Materials Engineering)","1"
"Singapore Institute of Technology","DigiPen Institute of Technology","Bachelor of Science in Computer Science in Real-Time Interactive
Simulation","1"
"National University of Singapore","College of Design and Engineering","Bachelor of Engineering
(Environmental Engineering)","1"
"Nanyang Technological University","College of Engineering","Chemical & Biomolecular Engineering and Economics **","1"
"Nanyang Technological University","National Institute of Education (NIE)","Science (and Education)^","1"
"Singapore Management University","School of Accountancy (4-years programme) *","Accountancy","1"
"Nanyang Technological University","College of Engineering","Electrical & Electronic Engineering","1"
"Nanyang Technological University","College of Engineering","Bachelor of Engineering (Hons) (Computer Engineering)","1"
"Nanyang Technological University","College of Engineering","Bachelor of Arts (Hons) in History","1"
"National University of Singapore","College of Design and Engineering","Bachelor of Engineering (Electrical Engineering)","1"
"National University of Singapore","School of Design & Environment","Bachelor of Arts (Architecture) # **","1"
"Singapore Institute of Technology","DigiPen Institute of Technology","Bachelor of Arts in Game Design","1"
"Singapore Management University","School of Social Sciences (4-year programme) *","Social Sciences (4-year programme)","1"
"Singapore Institute of Technology","SIT-Trinity College Dublin / Trinity College Dublin","Bachelor in Science (Diagnostic Radiography) ^","1"
"Nanyang Technological University","College of Humanities, Arts & Social Sciences","Inter-Disciplinary Double Major8","1"
"National University of Singapore","School of Computing","Bachelor of Computing (Communications and Media) **","1"
"Singapore Institute of Technology","Trinity College Dublin / Singapore Institute of Technology-Trinity College Dublin","Bachelor in Science (Radiation Therapy) **","1"
"Singapore Institute of Technology","Singapore Institute of Technology (SIT)","Bachelor of Science with Honours in Diagnostic Radiography","1"
"Singapore Management University","School of Social Sciences (4-years programme) *","Social Sciences","1"
"National University of Singapore","School of Computing","Bachelor of Computing (Information
Systems)","1"
"Singapore Institute of Technology","Technische Universität München","Bachelor of Science in Electrical Engineering & Information Technology **","1"
"National University of Singapore","Faculty of Science","Bachelor of Science (Pharmaceutical Science) (Hons) ^","1"
"National University of Singapore","School of Computing","Bachelor of Computing (Computer
Science)","1"
"Singapore Institute of Technology","Singapore Institute of Technology -Trinity College Dublin / Trinity College Dublin","Bachelor in Science (Radiation Therapy) **","1"
"Singapore Management University","School of Economics (4-year programme) *","Economics (4-year programme)","1"
"Nanyang Technological University","College of Engineering","Double Degree in Bachelor of Engineering (Hons) (Materials Engineering) and Bachelor of Arts (Hons) in Economics **","1"
"Singapore Management University","School of Law (4-year programme) *","Cum Laude and above#","1"
"Nanyang Technological University","College of Engineering","Bachelor of Engineering (Hons) (Mechanical Engineering)","1"
"Nanyang Technological University","College of Engineering","Bachelor of Arts (Hons) in Linguistics And Multilingual Studies","1"
"Nanyang Technological University","Lee Kong Chian School of Medicine","Medicine#**","1"
"National University of Singapore","College of Design and Engineering","Bachelor of Engineering (Materials
Science and Engineering)","1"
"National University of Singapore","College of Design and Engineering","Bachelor of Engineering (Materials Science and Engineering)","1"
"Nanyang Technological University","College of Engineering","Bachelor of Arts (Hons) in Economics","1"
"Nanyang Technological University","College of Engineering","Bachelor of Engineering (Hons) (Civil Engineering)","1"
"Singapore Management University","School of Accountancy (4-year programme) *","Accountancy (4-year programme)","1"
"Singapore Institute of Technology","SIT-Newcastle University","Bachelor of Engineering with Honours in Naval Architecture **","1"
"Singapore Institute of Technology","SIT-Trinity College Dublin","Bachelor of Science (Physiotherapy)","1"
"National University of Singapore","College of Design and Engineering","Bachelor of Landscape Architecture^","1"
"National University of Singapore","School of Computing","Bachelor of Computing (Information
Security)","1"
"National University of Singapore","Faculty of Science","Bachelor of Science (Pharmacy)#**","1"
"National University of Singapore","Yong Loo Lin School (Medicine)","Bachelor of Medicine and Bachelor Of Surgery #","1"
"Singapore Institute of Technology","Singapore Institute of Technology (SIT)","Bachelor of Engineering with Honours in Sustainable Infrastructure
Engineering (Land)","1"
"Singapore Institute of Technology","SIT- Newcastle University","Bachelor of Engineering with Honours
in Chemical Engineering","1"
"National University of Singapore","Multidisciplinary Programmes","Bachelor of Environmental Studies","1"
"Nanyang Technological University","Sports Science and Management","Sport Science and Management","1"
"Nanyang Technological University","National Institute of Education (NIE)","Arts (and Education)","1"
"Singapore Institute of Technology","DigiPen Institute of Technology","Bachelor of Fine Arts in Digital Arts & Animation ^","1"
"Nanyang Technological University","College of Science","Environmental Earth Systems Science","1"
"Singapore Institute of Technology","SIT-Newcastle University","Bachelor of Engineering with Honours in Chemical Engineering","1"
"Singapore Institute of Technology","Newcastle University","Bachelor of Engineering with Honours in Mechanical Design and Manufacturing Engineering","1"
"Nanyang Technological University","College of Sciences","Bachelor of Science (Hons) in Mathematics & Economics","1"
"National University of Singapore","Faculty of Science","Bachelor of Science ^","1"
"Singapore Institute of Technology","SIT- Newcastle University","Bachelor of Engineering with Honours
in Electrical Power Engineering","1"
"Nanyang Technological University","College of Engineering","Bachelor of Engineering (Hons) (Aerospace Engineering)","1"
"Singapore Institute of Technology","Newcastle University","Bachelor of Engineering with Honours in Marine Engineering ^","1"
"Singapore University of Social Sciences","School of Business","Bachelor of Science in Supply Chain Management ^","1"
"National University of Singapore","Faculty of Science","Bachelor of Science (Pharmaceutical
Science) (Hons)","1"
"Singapore Management University","School of Information Systems (4-year programme) *","Information Systems Management (4-years programme)","1"
"Singapore Institute of Technology","Singapore Institute of Technology (SIT)","Bachelor of Engineering with Honours in Sustainable Infrastructure
Engineering (Building Services)","1"
"Nanyang Technological University","College of Engineering","Bachelor of Arts (Hons) in Philosophy **","1"
"Singapore Institute of Technology","Singapore Institute of Technology (SIT)","Bachelor of Science (Air Transport Management)","1"
"Singapore Management University","School of Law (4-year programme) *","Law (4-years programme) Cum Laude and above #","1"
"Singapore Institute of Technology","Singapore Institute of Technology -Trinity College Dublin","Bachelor in Science (Diagnostic Radiography)","1"
"Singapore Institute of Technology","Trinity College Dublin / Singapore Institute of Technology-Trinity College Dublin","Bachelor in Science (Diagnostic Radiography)","1"
"National University of Singapore","Faculty of Science","Bachelor of Science (Computational
Biology)**","1"
"Nanyang Technological University","National Institute of Education (NIE)","Bachelor of Science (Hons) (Education)","1"
"National University of Singapore","College of Design and Engineering","Bachelor of Engineering (Industrial
and Systems Engineering)","1"
"National University of Singapore","YLL School of Medicine","Bachelor of Medicine and Bachelor of Surgery # **","1"
"Nanyang Technological University","College of Engineering","Bachelor of Engineering (Hons) (Electrical & Electronic Engineering)","1"
"National University of Singapore","College of Design and Engineering","Bachelor of Engineering (Engineering
Science)","1"
"Nanyang Technological University","Sports Science and Management","Bachelor of Science (Hons) (Sport Science & Management)","1"
"Nanyang Technological University","College of Sciences","Biomedical Sciences & Chinese Medicine #","1"
"Singapore Institute of Technology","SIT-Newcastle University","Bachelor of Engineering with Honours in Electrical Power Engineering ^","1"
"Nanyang Technological University","College of Engineering","Bachelor of Communication Studies (Hons)","1"
"Nanyang Technological University","College of Humanities, Arts & Social Sciences","Public Policy And Global Affairs","1"
"Singapore Institute of Technology","SIT- Newcastle University","Bachelor of Engineering with Honours
in Offshore Engineering","1"
"National University of Singapore","College of Design and Engineering","Bachelor of Engineering (Engineering Science) ^","1"
"Singapore Management University","School of Information Systems (4-year programme) *","Information Systems Management (4-years programme) Cum Laude and above","1"
"Singapore Institute of Technology","SIT- Newcastle University","Bachelor of Engineering with Honours in Mechanical Design and
Manufacturing Engineering","1"
"Singapore Management University","School of Social Sciences (4-year programme) *","Social Sciences (4-years programme) Cum Laude and above","1"
"Singapore Institute of Technology","SIT-Massey University","Bachelor of Food Technology with Honours","1"
"Singapore Institute of Technology","Trinity College Dublin","Bachelor in Science (Radiation Therapy) **","1"
"Nanyang Technological University","College of Engineering","Bachelor of Arts (Hons) in Chinese","1"
"Singapore Institute of Technology","Singapore Institute of Technology (SIT)","Bachelor of Science with Honours in Occupational Therapy","1"
"Singapore Institute of Technology","SIT- Newcastle University","Bachelor of Engineering with Honours
in Marine Engineering","1"
"Singapore Institute of Technology","SIT / SIT-Trinity College Dublin / Trinity College Dublin","Bachelor in Science (Occupational Therapy)","1"
"Nanyang Technological University","College of Engineering","Bachelor of Engineering (Hons) (Information Engineering & Media)","1"
"Singapore Management University","School of Accountancy (4-year programme) *","Accountancy (4-year programme) Cum Laude and above","1"
"Singapore Institute of Technology","Singapore Institute of Technology -Trinity College Dublin / Trinity College Dublin","Bachelor in Science (Occupational Therapy)","1"
"Nanyang Technological University","College of Humanities, Arts & Social Sciences","Interdisciplinary Double Major","1"
"Nanyang Technological University","College of Sciences","Mathematics & Economics **","1"
"Singapore Institute of Technology","DigiPen Institute of Technology","Bachelor of Science in Computer
Science and Game Design","1"
"National University of Singapore","Faculty of Science","Bachelor of Science (Data Science
and Analytics)","1"
"National University of Singapore","Faculty of Science","Bachelor of Science (Data Science and Analytics) ^","1"
"Singapore Management University","School of Computing & Information Systems (4-year programme) � Information Systems *","Information Systems","1"
"Nanyang Technological University","College of Business (Nanyang Business School)","Bachelor of Accountancy (Hons)","1"
"Nanyang Technological University","College of Engineering","Bachelor of Arts (Hons) in Sociology","1"
"Singapore Management University","School of Social Sciences (4-year programme) *","Social Sciences (4-years programme)","1"
"National University of Singapore","College of Design and Engineering","Bachelor of Engineering (Chemical Engineering)","1"
"Nanyang Technological University","College of Engineering","Data Science and Artificial Intelligence","1"
"Singapore University of Social Sciences","School of Business","Bachelor of Science in Business
Analytics","1"
"Singapore University of Social Sciences","School of Law","Bachelor of Law#**","1"
"National University of Singapore","College of Design and Engineering","Bachelor of Engineering (Environmental Engineering)","1"
"Nanyang Technological University","College of Sciences","Bachelor of Science (Hons) in Chemistry & Biological Chemistry","1"
"Nanyang Technological University","National Institute of Education (NIE)","Bachelor of Arts (Hons) (Education)","1"
"Singapore University of Social Sciences","School of Law","Bachelor of Law **","1"
"Singapore Management University","School of Law (4-years programme) *","Law #","1"
"Singapore Management University","School of Information Systems (4-year programme) *","Information Systems Management (4-year programme) Cum Laude and above","1"
"National University of Singapore","NUS Business School","Bachelor of Business Administration ^","1"
"National University of Singapore","Faculty of Engineering","Bachelor of Engineering (Biomedical Engineering) ^^","1"
"Nanyang Technological University","College of Science","Biological Sciences and Psychology ^","1"
"Singapore University of Social Sciences","S R Nathan School of Human Development","Bachelor of Social Work**","1"
"Nanyang Technological University","College of Engineering","Double Degree in Bachelor of Engineering  (Hons) (Chemical And Biomolecular Engineering) and Bachelor of Arts (Hons) in Economics **","1"
"Singapore Management University","School of Computing & Information Systems (4-year programme) � Information Systems *","Cum Laude and above","1"
"Singapore Institute of Technology","SIT-Newcastle University","Bachelor of Engineering with Honours in Marine Engineering ^","1"
"Singapore Institute of Technology","Trinity College Dublin / Singapore Institute of Technology-Trinity College Dublin","Bachelor in Science (Physiotherapy)","1"
"Nanyang Technological University","College of Sciences","Bachelor of Science (Hons) in Physics/Applied Physics","1"
"Singapore University of Social Sciences","School of Business","Bachelor of Science in Supply Chain
Management","1"
"Singapore Management University","School of Information Systems (4-years programme) *","Information Systems Management Cum Laude and above","1"
"Singapore Management University","School of Economics (4-years programme) *","Economics Cum Laude and above","1"
"Nanyang Technological University","College of Sciences","Double Degree in Bachelor of Science (Hons) in Biomedical Sciences and Bachelor of Medicine (Chinese Medicine) #","1"
"Nanyang Technological University","College of Engineering","Double Degree in Bachelor of Engineering (Hons) (Aerospace Engineering) and Bachelor of Arts (Hons) in Economics **","1"
"Singapore Management University","School of Economics (4-year programme) *","Economics (4-years programme)","1"
"National University of Singapore","YST Conservatory Of Music","Bachelor of Music","1"
"Nanyang Technological University","College of Engineering","Computer Engineering and Economics **","1"
"National University of Singapore","College of Design and Engineering","Bachelor of Engineering (Mechanical Engineering)","1"
"Singapore Institute of Technology","Trinity College Dublin / Singapore Institute of Technology-Trinity College Dublin","Bachelor in Science (Occupational Therapy)","1"
"Singapore Institute of Technology","SIT-Trinity College Dublin","Bachelor in Science (Physiotherapy)","1"
"Singapore Institute of Technology","SIT / SIT-Trinity College Dublin / Trinity College Dublin","Bachelor in Science (Radiation Therapy) ^","1"
"Singapore Management University","School of Accountancy (4-year programme) *","Cum Laude and above","1"
"Singapore Institute of Technology","Singapore Institute of Technology (SIT)","Bachelor of Science with Honours in Digital Communications and
Integrated Media","1"
"Singapore Institute of Technology","DigiPen Institute of Technology","Bachelor of Science in Computer Science & Game Design ^","1"
"Nanyang Technological University","College of Sciences","Bachelor of Science (Hons) in Biological Sciences","1"
"Singapore Institute of Technology","SIT / SIT-Trinity College Dublin / Trinity College Dublin","Bachelor in Science (Physiotherapy)","1"
"Singapore Management University","School of Social Sciences (4-year programme) *","Cum Laude and above","1"
"Singapore Institute of Technology","SIT- Newcastle University","Bachelor of Engineering with Honours in Marine Engineering","1"
"National University of Singapore","College of Design and Engineering","Bachelor of Engineering (Industrial and Systems Engineering)","1"
"Nanyang Technological University","College of Engineering","Civil Engineering and Economics **","1"
"Singapore Management University","School of Business (4-year programme) *","Cum Laude and above","1"
"Singapore Institute of Technology","Singapore Institute of Technology (SIT)","Bachelor of Science with Honours in Air Transport Management","1"
"Singapore Institute of Technology","Singapore Institute of Technology (SIT)","Bachelor of Engineering with Honours in Pharmaceutical
Engineering","1"
"Nanyang Technological University","College of Engineering","Bachelor of Science (Hons) (Maritime Studies)","1"
"Singapore Management University","School of Information Systems (4-year programme) *","Information Systems Management (4-year programme)","1"
"Singapore Institute of Technology","Singapore Institute of Technology (SIT)","Bachelor of Engineering with
Honours in Telematics (Intelligent
Transportation Systems Engineering)","1"
"Nanyang Technological University","College of Business (Nanyang Business School)","Double Degree in Business and Computer
Engineering/Computing","1"
"Nanyang Technological University","College of Science","Mathematical Sciences","1"
"Singapore Institute of Technology","Culinary Institute of America","Bachelor of Business Administration in
Food Business Management","1"
"Singapore Management University","School of Business (4-year programme) *","Business Management (4-year programme) Cum Laude and above","1"
"Nanyang Technological University","College of Engineering","Bachelor of Engineering (Hons) (Computer Science)","1"
"Nanyang Technological University","College of Engineering","Bachelor of Engineering (Hons) (Environmental Engineering)","1"
"National University of Singapore","Faculty of Engineering","Bachelor of Engineering (Bioengineering)","1"
"National University of Singapore","Multidisciplinary Programmes","Bachelor of Engineering (Computer Engineering)","1"
"Nanyang Technological University","College of Sciences","Biomedical Science **","1"
"Singapore University of Social Sciences","School of Business","Bachelor of Science in Finance ^","1"
"National University of Singapore","College of Design and Engineering","Bachelor of Engineering (Mechanical
Engineering)","1"
"Singapore University of Social Sciences","School of Humanities and Behavioural Sciences","Bachelor of Public Safety and Security^","1"
"Nanyang Technological University","National Institute of Education (NIE)","Science (With Education)","1"
"Nanyang Technological University","College of Science","Biological Sciences","1"
"Singapore Management University","School of Social Sciences (4-year programme) *","Social Sciences (4-year programme) Cum Laude and above","1"
"Singapore Institute of Technology","SIT-DigiPen Institute of Technology","Bachelor of Engineering in Systems Engineering (ElectroMechanical Systems) ^","1"
"National University of Singapore","College of Design and Engineering","Bachelor of Engineering (Civil
Engineering)","1"
"Singapore Institute of Technology","SIT-Trinity College Dublin / Trinity College Dublin","Bachelor in Science (Diagnostic Radiography) **","1"
"Singapore Management University","School of Law (4-year programme) *","Law (4-year programme) #","1"
"National University of Singapore","Faculty of Science","Bachelor of Science (Hons) ^","1"
"National University of Singapore","College of Design and Engineering","Bachelor of Engineering (Civil Engineering)","1"
"Singapore Institute of Technology","Singapore Institute of Technology (SIT)","Bachelor of Science with Honours in Dietetics and Nutrition^","1"
"Singapore Institute of Technology","Singapore Institute of Technology (SIT)","Bachelor of Engineering with Honours in Sustainable Infrastructure Engineering (Land) ^","1"
"Nanyang Technological University","College of Engineering","Chemical And Biomolecular Engineering and Economics **","1"
"Nanyang Technological University","College of Engineering","Data Science and Artificial Intelligence ^","1"
"Nanyang Technological University","College of Sciences","Biomedical Sciences (Traditional Chinese Medicine) #","1"
"Singapore Institute of Technology","Singapore Institute of Technology -Trinity College Dublin / Trinity College Dublin","Bachelor in Science (Physiotherapy)","1"
"Singapore Institute of Technology","DigiPen Institute of Technology","Bachelor of Fine Arts in Digital Art and
Animation","1"
"Singapore Institute of Technology","Singapore Institute of Technology (SIT)","Bachelor of Engineering with Honours in Information & Communications
Technology (Information Security)","1"
"Singapore Institute of Technology","Singapore Institute of Technology","Bachelor of Hospitality Business with Honours ^","1"
"National University of Singapore","Faculty of Law","Bachelor of Laws#","1"
"National University of Singapore","College of Design and Engineering","Bachelor of Arts (Architecture)#**","1"
"Singapore Management University","School of Business (4-year programme) *","Business Management (4-years programme)","1"
"Nanyang Technological University","College of Sciences","Bachelor of Science (Hons) in Mathematical Sciences","1"
"Singapore Institute of Technology","University of Glasgow","Bachelor of Engineering with Honours in Aerospace Systems ^","1"
"Nanyang Technological University","College of Engineering","Double Degree in Bachelor of Business (Hons) and Bachelor of Engineering (Hons) (Computer Engineering) **","1"
"Nanyang Technological University","Lee Kong Chian School of Medicine","Medicine ##","1"
"Singapore Management University","School of Business (4-years programme) *","Business Management Cum Laude and above","1"
"Singapore Management University","School of Business (4-years programme) *","Business Management","1"
"National University of Singapore","YLL School of Medicine","Bachelor of Medicine and Bachelor of Surgery (MBBS) #","1"
"Singapore Management University","School of Business (4-year programme) *","Business Management (4-years programme) Cum Laude and above","1"
"Nanyang Technological University","College of Engineering","Double Degree in Bachelor of Engineering (Hons) (Civil Engineering) and Bachelor of Arts (Hons) in Economics **","1"
"Singapore Management University","School of Economics (4-year programme) *","Economics (4-years programme) Cum Laude and above","1"
"Nanyang Technological University","College of Engineering","Bachelor of Arts (Hons) in Public Policy And Global Affairs","1"
"National University of Singapore","Faculty Of Engineering","Bachelor of Engineering (Computer Engineering)","1"
"Nanyang Technological University","College of Engineering","Double Degree in Bachelor of Engineering (Hons) (Information Engineering & Media) and Bachelor of Arts (Hons) in Economics **","1"
"National University of Singapore","Yong Loo Lin School (Medicine)","Bachelor of Medicine And Bachelor Of Surgery #","1"
"Singapore Institute of Technology","Singapore Institute of Technology (SIT)","Bachelor of Science with Honours in Radiation Therapy^","1"
"National University of Singapore","College of Design and Engineering","Bachelor of Engineering (Biomedical Engineering)","1"
"Singapore Institute of Technology","Singapore Institute of Technology","Bachelor of Accountancy with Honours","1"
"Nanyang Technological University","College of Engineering","Chemical and Biomolecular Engineering and Economics **","1"
"Nanyang Technological University","College of Engineering","Bachelor of Engineering (Hons) (Bioengineering)","1"
"National University of Singapore","NUS Business School","Bachelor of Business Administration
(Accountancy) (Hons)","1"
"Singapore Management University","School of Social Sciences (4-years programme) *","Social Sciences Cum Laude and above","1"
"Singapore Institute of Technology","Singapore Institute of Technology (SIT)","Bachelor of Engineering with Honours in Information & Communications Technology (Information Security) ^","1"
"Singapore Management University","School of Law (4-year programme) *","Law (4-year programme) Cum Laude and above #","1"
"Nanyang Technological University","College of Engineering","Bachelor of Arts (Hons) in English","1"
"Singapore Management University","School of Computing & Information Systems (4-year programme) � Computer Science *","Cum Laude and above","1"
"Nanyang Technological University","College of Engineering","Double Degree in Bachelor of Engineering (Hons) (Mechanical Engineering) and Bachelor of Arts (Hons) in Economics **","1"
"Nanyang Technological University","College of Business (Nanyang Business School)","Bachelor of Business (Hons)","1"
"Singapore Management University","School of Accountancy (4-year programme) *","Accountancy (4-years programme) Cum Laude and above","1"
"Singapore Institute of Technology","SIT-Newcastle University","Bachelor of Engineering with Honours in Offshore Engineering **","1"
"Singapore Institute of Technology","Newcastle University","Bachelor of Science with Honours in Food and Human Nutrition","1"